{
  "train_loss": [
    0.7683693129785251,
    0.41241938669396483,
    0.2970621745925451,
    0.23097746493969706,
    0.1977379512568207,
    0.15502559521869905,
    0.11576983949129024,
    0.08820122939305029,
    0.0893594131449008,
    0.07252092629188564,
    0.054108064756661224,
    0.049907581986348225,
    0.05251187650213504,
    0.04245717800391055,
    0.04085661970315994,
    0.040102288835560496,
    0.0327221314172662,
    0.035633586965348615,
    0.033499871237955114,
    0.043870423445986344
  ],
  "val_loss": [
    0.45270899103747475,
    0.43406282779243255,
    0.3339940139816867,
    0.3040320362067885,
    0.3737047471933895,
    0.41494139863385093,
    0.41299886846294004,
    0.5164123113370604,
    0.4987301834755474,
    0.480724030898677,
    0.5248244961516725,
    0.5830562772850195,
    0.6271786438559906,
    0.6375366835466897,
    0.6153963220745532,
    0.5865350799382819,
    0.6688974045941399,
    0.5206502259049254,
    0.8117042790529214,
    0.6188040957268741
  ],
  "val_f1_macro": [
    0.697307229024779,
    0.7491395175115757,
    0.8314644571402543,
    0.8351380021254574,
    0.8338034682607748,
    0.8413743874175721,
    0.846760086336058,
    0.8228215042893758,
    0.8164397485077214,
    0.8345261773734376,
    0.8544675471128633,
    0.8278414273842776,
    0.8233195667550954,
    0.8401059898221896,
    0.827467238790692,
    0.8464067277795162,
    0.8260573833121367,
    0.862147505161794,
    0.8104383618853365,
    0.8471636423593718
  ],
  "best_val_f1": 0.862147505161794
}