{
  "train_loss": [
    0.8684258843245714,
    0.5715690360984941,
    0.48819267209889233,
    0.4305844112582829,
    0.3928271147651949,
    0.3599733194147331,
    0.3430502563714981,
    0.3281117960594703,
    0.31916358613449597,
    0.3116194130717844,
    0.2953982251709786,
    0.28974943554055865,
    0.2913557716469834,
    0.2870278015084889,
    0.2875963276711063,
    0.28305231164331024,
    0.27878040572007495,
    0.28149337051571277,
    0.27564604623594147,
    0.28864744111247687
  ],
  "val_loss": [
    0.6376471519470215,
    0.5420520156621933,
    0.558200028207567,
    0.5158757699860467,
    0.5779300861888461,
    0.5262763566441007,
    0.5705153048038483,
    0.5851162572701772,
    0.5783479793204201,
    0.5780815382798513,
    0.6103840851121478,
    0.5845219824049208,
    0.6264776835838953,
    0.5991664396391975,
    0.6373247752587,
    0.6313816507657369,
    0.6262111266454061,
    0.6519429054525163,
    0.6407873547739453,
    0.6289095067315631
  ],
  "val_f1_macro": [
    0.6826116436450196,
    0.8020020102783848,
    0.8003809551968385,
    0.8202718745975781,
    0.7964819233791558,
    0.8336074478991892,
    0.8155228758631968,
    0.8230687498657239,
    0.809003328575989,
    0.8217449702334549,
    0.8233055960447946,
    0.8148020359678143,
    0.8400386149726085,
    0.8220405248872898,
    0.841884605493034,
    0.830961832902049,
    0.8169141037469413,
    0.8363469043035646,
    0.832380028331543,
    0.8114194984323064
  ],
  "best_val_f1": 0.841884605493034
}